first_name,last_name,gender,job,country
Brandie,Bruhnke,Female,Data Coordiator,Indonesia
Raimundo,Wixon,Male,Editor,Sweden
Shellie,Courtonne,Female,Librarian,Russia
Kyla,Clopton,Female,Assistant Media Planner,China
Waverly,Thurstan,Male,Environmental Tech,China
Bernadette,Ollarenshaw,Female,Legal Assistant,Namibia
Wendall,Chilvers,Male,Geological Engineer,Nigeria
Andra,Nutbeam,Female,Research Nurse,China
Margarete,Wormald,Female,Web Developer I,Indonesia
Anstice,Mulberry,Female,Executive Secretary,Philippines
Tammy,Gibling,Male,Senior Sales Associate,Netherlands
Arielle,Harroway,Female,Physical Therapy Assistant,China
Lilas,Ouchterlony,Female,Help Desk Operator,Denmark
Debra,McSpirron,Female,Programmer III,China
Zsazsa,Redon,Female,VP Accounting,China
Josi,Clapison,Female,Office Assistant I,Thailand
Orren,Hissie,Male,Staff Accountant I,El Salvador
Haydon,Lanning,Male,Automation Specialist II,Indonesia
Tedie,Dewhurst,Male,Executive Secretary,Indonesia
Neely,Lighterness,Female,Account Representative III,Bosnia and Herzegovina
Martie,Noddings,Male,Occupational Therapist,Mexico
Mano,Spaunton,Male,Associate Professor,Croatia
Sydney,Adderley,Female,VP Accounting,Indonesia
Jozef,Steptoe,Male,Community Outreach Specialist,Portugal
Sal,Lerego,Male,Engineer III,Brazil
Igor,Forsey,Male,Nuclear Power Engineer,China
Moses,Belf,Male,Senior Editor,Portugal
Prescott,Dranfield,Male,Editor,Uzbekistan
Avictor,Niblo,Male,Nurse,Honduras
Vivyan,Morrad,Female,Nurse Practicioner,Indonesia
