LAST,FIRST,AGE,COUNTRY,PHONE,EMAIL (Saved on: 2021/04/23 08:38:48)
Liam,Blaik,15,Cape Verde,257-805-6748,lblaik7@networksolutions.com
Tootsie,Blowes,46,Russia,702-502-6094,tblowes2@joomla.org
Edgard,Breton,37,Russia,623-806-8693,ebretoni@netvibes.com
Dav,Brewers,52,China,886-105-3734,dbrewerse@unblog.fr
Myrwyn,Burrage,39,France,992-294-8342,mburrageh@army.mil
Eleonora,Cator,43,Japan,915-517-7605,ecatorg@archive.org
Amandi,Cozens,62,Indonesia,718-657-4263,acozens0@gov.uk
Bea,Francombe,40,Mexico,961-103-8432,bfrancombea@tiny.cc
Konstanze,Gori,38,Ecuador,130-679-7718,kgori3@theglobeandmail.com
Marshall,Graveney,62,Portugal,629-458-9305,mgraveneyc@washington.edu
Belvia,Halleday,32,Western Sahara,211-635-6393,bhalleday1@google.fr
Amy,Ivany,35,Canada,1232046783,test@test.com
Mike,Poirier,36,Canada,20445557738,mp@canada.ca
Bendick,Richichi,61,Japan,408-930-4662,brichichi4@youtube.com
Niven,Shires,29,Poland,561-720-2640,nshiresb@nasa.gov
Gael,Sired,23,North Korea,771-125-9669,gsired9@miitbeian.gov.cn
